month_date,relevant_articles,direct_inflation_articles,indirect_driver_articles,upward_articles,downward_articles,neutral_articles,uncertain_articles,sum_upward_score,sum_downward_score,sum_net_price_pressure,weighted_price_pressure,mean_net_price_pressure,mean_uncertainty,upward_share,downward_share,neutral_share,uncertainty_share,direct_inflation_share,net_direction_balance,theme_exchange_rate,theme_fiscal_tax_policy,theme_food_agriculture,theme_fuel_energy,theme_housing_utilities,theme_imports_supply_chain,theme_monetary_financial,theme_transport_logistics,theme_wages_labour,month,year,month_number,coverage_gbn,coverage_myjoy,coverage_gbc,active_source_count,relevant_articles_per_active_source,weighted_pressure_per_active_source,cpi_all_items,headline_inflation_yoy,core_inflation,headline_inflation,inflation_change,lag1_inflation,lag2_inflation,lag3_inflation,lag6_inflation,lag12_inflation,lag1_inflation_change,lag2_inflation_change
2010-01-01,2.0,1.0,1.0,0.0,1.0,1.0,2.0,0.0,2.0,-2.0,-2.0,-1.0,1.0,0.0,0.5,0.5,1.0,0.5,-0.5,0.0,0.0,0.0,1.0,0.0,0.0,0.0,0.0,0.0,2010-01,2010,1,1,0,0,1,2.0,-2.0,30.02508,14.8,,14.8,,,,,,,,
2010-02-01,0.0,0.0,0.0,0.0,0.0,0.0,0.0,0.0,0.0,0.0,0.0,0.0,0.0,0.0,0.0,0.0,0.0,0.0,0.0,0.0,0.0,0.0,0.0,0.0,0.0,0.0,0.0,0.0,2010-02,2010,2,1,0,0,1,0.0,0.0,30.47826,14.2,,14.2,-0.6000000000000014,14.8,,,,,,
2010-03-01,2.0,0.0,2.0,0.0,1.0,1.0,1.0,0.0,2.0,-2.0,-2.0,-1.0,1.0,0.0,0.5,0.5,0.5,0.0,-0.5,0.0,1.0,0.0,1.0,0.0,0.0,0.0,0.0,0.0,2010-03,2010,3,1,0,0,1,2.0,-2.0,30.82513,13.3,,13.3,-0.8999999999999986,14.2,14.8,,,,-0.6000000000000014,
2010-04-01,5.0,4.0,1.0,2.0,1.0,2.0,3.0,4.0,3.0,1.0,0.0,0.2,2.2,0.4,0.2,0.4,0.6,0.8,0.2,0.0,0.0,0.0,2.0,0.0,0.0,3.0,0.0,0.0,2010-04,2010,4,1,0,0,1,5.0,0.0,31.25998,11.7,,11.7,-1.6000000000000014,13.3,14.2,14.8,,,-0.8999999999999986,-0.6000000000000014
2010-05-01,0.0,0.0,0.0,0.0,0.0,0.0,0.0,0.0,0.0,0.0,0.0,0.0,0.0,0.0,0.0,0.0,0.0,0.0,0.0,0.0,0.0,0.0,0.0,0.0,0.0,0.0,0.0,0.0,2010-05,2010,5,1,0,0,1,0.0,0.0,31.84412,10.7,,10.7,-1.0,11.7,13.3,14.2,,,-1.6000000000000014,-0.8999999999999986
2010-06-01,0.0,0.0,0.0,0.0,0.0,0.0,0.0,0.0,0.0,0.0,0.0,0.0,0.0,0.0,0.0,0.0,0.0,0.0,0.0,0.0,0.0,0.0,0.0,0.0,0.0,0.0,0.0,0.0,2010-06,2010,6,1,0,0,1,0.0,0.0,32.34265,9.5,,9.5,-1.1999999999999993,10.7,11.7,13.3,,,-1.0,-1.6000000000000014
2010-07-01,1.0,1.0,0.0,0.0,0.0,1.0,1.0,0.0,0.0,0.0,0.0,0.0,1.0,0.0,0.0,1.0,1.0,1.0,0.0,0.0,0.0,0.0,0.0,0.0,0.0,1.0,0.0,0.0,2010-07,2010,7,1,0,0,1,1.0,0.0,32.60833,9.5,,9.5,0.0,9.5,10.7,11.7,14.8,,-1.1999999999999993,-1.0
2010-08-01,1.0,1.0,0.0,0.0,0.0,1.0,0.0,0.0,0.0,0.0,0.0,0.0,0.0,0.0,0.0,1.0,0.0,1.0,0.0,0.0,0.0,0.0,0.0,0.0,0.0,0.0,0.0,0.0,2010-08,2010,8,1,0,0,1,1.0,0.0,32.37601,9.4,,9.4,-0.09999999999999964,9.5,9.5,10.7,14.2,,0.0,-1.1999999999999993
2010-09-01,3.0,2.0,1.0,1.0,0.0,2.0,2.0,4.0,0.0,4.0,4.0,1.3333333333333333,2.0,0.3333333333333333,0.0,0.6666666666666666,0.6666666666666666,0.6666666666666666,0.3333333333333333,0.0,0.0,0.0,1.0,0.0,0.0,2.0,0.0,0.0,2010-09,2010,9,1,0,0,1,3.0,4.0,31.88647,9.4,,9.4,0.0,9.4,9.5,9.5,13.3,,-0.09999999999999964,0.0
2010-10-01,0.0,0.0,0.0,0.0,0.0,0.0,0.0,0.0,0.0,0.0,0.0,0.0,0.0,0.0,0.0,0.0,0.0,0.0,0.0,0.0,0.0,0.0,0.0,0.0,0.0,0.0,0.0,0.0,2010-10,2010,10,1,0,0,1,0.0,0.0,31.58338,9.4,,9.4,0.0,9.4,9.4,9.5,11.7,,0.0,-0.09999999999999964
2010-11-01,1.0,0.0,1.0,1.0,0.0,0.0,1.0,2.0,0.0,2.0,2.0,2.0,4.0,1.0,0.0,0.0,1.0,0.0,1.0,0.0,0.0,0.0,1.0,0.0,0.0,0.0,0.0,0.0,2010-11,2010,11,1,0,0,1,1.0,2.0,31.73177,9.1,,9.1,-0.3000000000000007,9.4,9.4,9.4,10.7,,0.0,0.0
2010-12-01,2.0,0.0,2.0,2.0,0.0,0.0,0.0,12.0,0.0,12.0,12.0,6.0,0.0,1.0,0.0,0.0,0.0,0.0,1.0,0.0,0.0,1.0,1.0,0.0,0.0,0.0,0.0,0.0,2010-12,2010,12,1,0,0,1,2.0,12.0,32.09056,8.6,,8.6,-0.5,9.1,9.4,9.4,9.5,,-0.3000000000000007,0.0
2011-01-01,1.0,1.0,0.0,1.0,0.0,0.0,1.0,2.0,0.0,2.0,4.0,2.0,7.0,1.0,0.0,0.0,1.0,1.0,1.0,0.0,0.0,0.0,1.0,0.0,0.0,0.0,0.0,0.0,2011-01,2011,1,1,0,0,1,1.0,4.0,32.7511,9.1,,9.1,0.5,8.6,9.1,9.4,9.5,14.8,-0.5,-0.3000000000000007
2011-02-01,2.0,1.0,1.0,1.0,0.0,1.0,2.0,4.0,0.0,4.0,4.0,2.0,6.0,0.5,0.0,0.5,1.0,0.5,0.5,0.0,0.0,0.0,1.0,0.0,0.0,1.0,0.0,0.0,2011-02,2011,2,1,0,0,1,2.0,4.0,33.27137,9.2,,9.2,0.09999999999999964,9.1,8.6,9.1,9.4,14.2,0.5,-0.5
2011-03-01,1.0,1.0,0.0,0.0,0.0,1.0,1.0,0.0,0.0,0.0,0.0,0.0,1.0,0.0,0.0,1.0,1.0,1.0,0.0,0.0,0.0,0.0,0.0,0.0,0.0,0.0,0.0,0.0,2011-03,2011,3,1,0,0,1,1.0,0.0,33.64023,9.1,,9.1,-0.09999999999999964,9.2,9.1,8.6,9.4,13.3,0.09999999999999964,0.5
2011-04-01,1.0,1.0,0.0,0.0,0.0,1.0,1.0,0.0,0.0,0.0,0.0,0.0,1.0,0.0,0.0,1.0,1.0,1.0,0.0,0.0,0.0,0.0,0.0,0.0,0.0,0.0,0.0,0.0,2011-04,2011,4,1,0,0,1,1.0,0.0,34.07933,9.0,,9.0,-0.09999999999999964,9.1,9.2,9.1,9.4,11.7,-0.09999999999999964,0.09999999999999964
2011-05-01,2.0,0.0,2.0,1.0,1.0,0.0,2.0,2.0,2.0,0.0,0.0,0.0,2.0,0.5,0.5,0.0,1.0,0.0,0.0,0.0,0.0,1.0,1.0,0.0,0.0,0.0,0.0,0.0,2011-05,2011,5,1,0,0,1,2.0,0.0,34.67922,8.9,,8.9,-0.09999999999999964,9.0,9.1,9.2,9.1,10.7,-0.09999999999999964,-0.09999999999999964
2011-06-01,0.0,0.0,0.0,0.0,0.0,0.0,0.0,0.0,0.0,0.0,0.0,0.0,0.0,0.0,0.0,0.0,0.0,0.0,0.0,0.0,0.0,0.0,0.0,0.0,0.0,0.0,0.0,0.0,2011-06,2011,6,1,0,0,1,0.0,0.0,35.12242,8.6,,8.6,-0.3000000000000007,8.9,9.0,9.1,8.6,9.5,-0.09999999999999964,-0.09999999999999964
2011-07-01,0.0,0.0,0.0,0.0,0.0,0.0,0.0,0.0,0.0,0.0,0.0,0.0,0.0,0.0,0.0,0.0,0.0,0.0,0.0,0.0,0.0,0.0,0.0,0.0,0.0,0.0,0.0,0.0,2011-07,2011,7,1,0,0,1,0.0,0.0,35.34491,8.4,,8.4,-0.1999999999999993,8.6,8.9,9.0,9.1,9.5,-0.3000000000000007,-0.09999999999999964
2011-08-01,0.0,0.0,0.0,0.0,0.0,0.0,0.0,0.0,0.0,0.0,0.0,0.0,0.0,0.0,0.0,0.0,0.0,0.0,0.0,0.0,0.0,0.0,0.0,0.0,0.0,0.0,0.0,0.0,2011-08,2011,8,1,0,0,1,0.0,0.0,35.09921,8.4,,8.4,0.0,8.4,8.6,8.9,9.2,9.4,-0.1999999999999993,-0.3000000000000007
2011-09-01,0.0,0.0,0.0,0.0,0.0,0.0,0.0,0.0,0.0,0.0,0.0,0.0,0.0,0.0,0.0,0.0,0.0,0.0,0.0,0.0,0.0,0.0,0.0,0.0,0.0,0.0,0.0,0.0,2011-09,2011,9,1,0,0,1,0.0,0.0,34.56366,8.4,,8.4,0.0,8.4,8.4,8.6,9.1,9.4,0.0,-0.1999999999999993
2011-10-01,0.0,0.0,0.0,0.0,0.0,0.0,0.0,0.0,0.0,0.0,0.0,0.0,0.0,0.0,0.0,0.0,0.0,0.0,0.0,0.0,0.0,0.0,0.0,0.0,0.0,0.0,0.0,0.0,2011-10,2011,10,1,0,0,1,0.0,0.0,34.28601,8.6,,8.6,0.1999999999999993,8.4,8.4,8.4,9.0,9.4,0.0,0.0
2011-11-01,0.0,0.0,0.0,0.0,0.0,0.0,0.0,0.0,0.0,0.0,0.0,0.0,0.0,0.0,0.0,0.0,0.0,0.0,0.0,0.0,0.0,0.0,0.0,0.0,0.0,0.0,0.0,0.0,2011-11,2011,11,1,0,0,1,0.0,0.0,34.44399,8.6,,8.6,0.0,8.6,8.4,8.4,8.9,9.1,0.1999999999999993,0.0
2011-12-01,3.0,0.0,3.0,3.0,0.0,0.0,3.0,15.0,0.0,15.0,15.0,5.0,2.6666666666666665,1.0,0.0,0.0,1.0,0.0,1.0,0.0,0.0,0.0,3.0,0.0,0.0,0.0,0.0,0.0,2011-12,2011,12,1,0,0,1,3.0,15.0,34.84397,8.6,,8.6,0.0,8.6,8.6,8.4,8.6,8.6,0.0,0.1999999999999993
2012-01-01,0.0,0.0,0.0,0.0,0.0,0.0,0.0,0.0,0.0,0.0,0.0,0.0,0.0,0.0,0.0,0.0,0.0,0.0,0.0,0.0,0.0,0.0,0.0,0.0,0.0,0.0,0.0,0.0,2012-01,2012,1,1,0,0,1,0.0,0.0,35.61063,8.7,,8.7,0.09999999999999964,8.6,8.6,8.6,8.4,9.1,0.0,0.0
2012-02-01,1.0,0.0,1.0,1.0,0.0,0.0,1.0,2.0,0.0,2.0,2.0,2.0,3.0,1.0,0.0,0.0,1.0,0.0,1.0,0.0,0.0,1.0,0.0,0.0,0.0,0.0,0.0,0.0,2012-02,2012,2,1,0,0,1,1.0,2.0,36.14493,8.6,,8.6,-0.09999999999999964,8.7,8.6,8.6,8.4,9.2,0.09999999999999964,0.0
2012-03-01,0.0,0.0,0.0,0.0,0.0,0.0,0.0,0.0,0.0,0.0,0.0,0.0,0.0,0.0,0.0,0.0,0.0,0.0,0.0,0.0,0.0,0.0,0.0,0.0,0.0,0.0,0.0,0.0,2012-03,2012,3,1,0,0,1,0.0,0.0,36.59289,8.8,,8.8,0.20000000000000107,8.6,8.7,8.6,8.4,9.1,-0.09999999999999964,0.09999999999999964
2012-04-01,1.0,0.0,1.0,1.0,0.0,0.0,1.0,3.0,0.0,3.0,3.0,3.0,2.0,1.0,0.0,0.0,1.0,0.0,1.0,0.0,0.0,0.0,0.0,0.0,0.0,1.0,0.0,0.0,2012-04,2012,4,1,0,0,1,1.0,3.0,37.18487,9.1,,9.1,0.29999999999999893,8.8,8.6,8.7,8.6,9.0,0.20000000000000107,-0.09999999999999964
2012-05-01,1.0,0.0,1.0,0.0,0.0,1.0,1.0,0.0,0.0,0.0,0.0,0.0,1.0,0.0,0.0,1.0,1.0,0.0,0.0,0.0,0.0,1.0,0.0,0.0,0.0,0.0,0.0,0.0,2012-05,2012,5,1,0,0,1,1.0,0.0,37.91682,9.3,,9.3,0.20000000000000107,9.1,8.8,8.6,8.6,8.9,0.29999999999999893,0.20000000000000107
2012-06-01,1.0,0.0,1.0,0.0,1.0,0.0,0.0,0.0,2.0,-2.0,-2.0,-2.0,0.0,0.0,1.0,0.0,0.0,0.0,-1.0,0.0,0.0,1.0,0.0,0.0,0.0,0.0,0.0,0.0,2012-06,2012,6,1,0,0,1,1.0,-2.0,38.43841,9.4,,9.4,0.09999999999999964,9.3,9.1,8.8,8.6,8.6,0.20000000000000107,0.29999999999999893
2012-07-01,1.0,0.0,1.0,0.0,1.0,0.0,0.0,0.0,2.0,-2.0,-2.0,-2.0,0.0,0.0,1.0,0.0,0.0,0.0,-1.0,0.0,0.0,1.0,0.0,0.0,0.0,0.0,0.0,0.0,2012-07,2012,7,1,0,0,1,1.0,-2.0,38.71828,9.5,,9.5,0.09999999999999964,9.4,9.3,9.1,8.7,8.4,0.09999999999999964,0.20000000000000107
2012-08-01,0.0,0.0,0.0,0.0,0.0,0.0,0.0,0.0,0.0,0.0,0.0,0.0,0.0,0.0,0.0,0.0,0.0,0.0,0.0,0.0,0.0,0.0,0.0,0.0,0.0,0.0,0.0,0.0,2012-08,2012,8,1,0,0,1,0.0,0.0,38.41919,9.5,,9.5,0.0,9.5,9.4,9.3,8.6,8.4,0.09999999999999964,0.09999999999999964
2012-09-01,0.0,0.0,0.0,0.0,0.0,0.0,0.0,0.0,0.0,0.0,0.0,0.0,0.0,0.0,0.0,0.0,0.0,0.0,0.0,0.0,0.0,0.0,0.0,0.0,0.0,0.0,0.0,0.0,2012-09,2012,9,1,0,0,1,0.0,0.0,37.82394,9.4,,9.4,-0.09999999999999964,9.5,9.5,9.4,8.8,8.4,0.0,0.09999999999999964
2012-10-01,0.0,0.0,0.0,0.0,0.0,0.0,0.0,0.0,0.0,0.0,0.0,0.0,0.0,0.0,0.0,0.0,0.0,0.0,0.0,0.0,0.0,0.0,0.0,0.0,0.0,0.0,0.0,0.0,2012-10,2012,10,1,0,0,1,0.0,0.0,37.45539,9.2,,9.2,-0.20000000000000107,9.4,9.5,9.5,9.1,8.6,-0.09999999999999964,0.0
2012-11-01,0.0,0.0,0.0,0.0,0.0,0.0,0.0,0.0,0.0,0.0,0.0,0.0,0.0,0.0,0.0,0.0,0.0,0.0,0.0,0.0,0.0,0.0,0.0,0.0,0.0,0.0,0.0,0.0,2012-11,2012,11,1,0,0,1,0.0,0.0,37.64997,9.3,,9.3,0.10000000000000142,9.2,9.4,9.5,9.3,8.6,-0.20000000000000107,-0.09999999999999964
2012-12-01,0.0,0.0,0.0,0.0,0.0,0.0,0.0,0.0,0.0,0.0,0.0,0.0,0.0,0.0,0.0,0.0,0.0,0.0,0.0,0.0,0.0,0.0,0.0,0.0,0.0,0.0,0.0,0.0,2012-12,2012,12,1,0,0,1,0.0,0.0,37.92343,8.8,,8.8,-0.5,9.3,9.2,9.4,9.4,8.6,0.10000000000000142,-0.20000000000000107
2013-01-01,0.0,0.0,0.0,0.0,0.0,0.0,0.0,0.0,0.0,0.0,0.0,0.0,0.0,0.0,0.0,0.0,0.0,0.0,0.0,0.0,0.0,0.0,0.0,0.0,0.0,0.0,0.0,0.0,2013-01,2013,1,1,0,0,1,0.0,0.0,38.25192,7.4,,7.4,-1.4000000000000004,8.8,9.3,9.2,9.5,8.7,-0.5,0.10000000000000142
2013-02-01,1.0,1.0,0.0,0.0,0.0,1.0,1.0,0.0,0.0,0.0,0.0,0.0,3.0,0.0,0.0,1.0,1.0,1.0,0.0,0.0,0.0,0.0,1.0,0.0,0.0,0.0,0.0,0.0,2013-02,2013,2,1,0,0,1,1.0,0.0,38.60183,6.8,,6.8,-0.6000000000000005,7.4,8.8,9.3,9.5,8.6,-1.4000000000000004,-0.5
2013-03-01,0.0,0.0,0.0,0.0,0.0,0.0,0.0,0.0,0.0,0.0,0.0,0.0,0.0,0.0,0.0,0.0,0.0,0.0,0.0,0.0,0.0,0.0,0.0,0.0,0.0,0.0,0.0,0.0,2013-03,2013,3,1,0,0,1,0.0,0.0,38.79334,6.0,,6.0,-0.7999999999999998,6.8,7.4,8.8,9.4,8.8,-0.6000000000000005,-1.4000000000000004
2013-04-01,2.0,1.0,1.0,1.0,0.0,1.0,1.0,2.0,0.0,2.0,2.0,1.0,0.5,0.5,0.0,0.5,0.5,0.5,0.5,0.0,0.0,1.0,0.0,0.0,0.0,0.0,0.0,0.0,2013-04,2013,4,1,0,0,1,2.0,2.0,39.4036,6.0,,6.0,0.0,6.0,6.8,7.4,9.2,9.1,-0.7999999999999998,-0.6000000000000005
2013-05-01,1.0,0.0,1.0,0.0,0.0,1.0,0.0,0.0,0.0,0.0,0.0,0.0,0.0,0.0,0.0,1.0,0.0,0.0,0.0,0.0,0.0,0.0,1.0,0.0,0.0,0.0,0.0,0.0,2013-05,2013,5,1,0,0,1,1.0,0.0,39.68697,4.7,,4.7,-1.2999999999999998,6.0,6.0,6.8,9.3,9.3,0.0,-0.7999999999999998
2013-06-01,0.0,0.0,0.0,0.0,0.0,0.0,0.0,0.0,0.0,0.0,0.0,0.0,0.0,0.0,0.0,0.0,0.0,0.0,0.0,0.0,0.0,0.0,0.0,0.0,0.0,0.0,0.0,0.0,2013-06,2013,6,1,0,0,1,0.0,0.0,40.28355,4.8,,4.8,0.09999999999999964,4.7,6.0,6.0,8.8,9.4,-1.2999999999999998,0.0
2013-07-01,1.0,1.0,0.0,0.0,0.0,1.0,1.0,0.0,0.0,0.0,0.0,0.0,1.0,0.0,0.0,1.0,1.0,1.0,0.0,0.0,0.0,0.0,0.0,0.0,0.0,1.0,0.0,0.0,2013-07,2013,7,1,0,0,1,1.0,0.0,40.79042,5.4,,5.4,0.6000000000000005,4.8,4.7,6.0,7.4,9.5,0.09999999999999964,-1.2999999999999998
2013-08-01,0.0,0.0,0.0,0.0,0.0,0.0,0.0,0.0,0.0,0.0,0.0,0.0,0.0,0.0,0.0,0.0,0.0,0.0,0.0,0.0,0.0,0.0,0.0,0.0,0.0,0.0,0.0,0.0,2013-08,2013,8,1,0,0,1,0.0,0.0,40.49815,5.4,,5.4,0.0,5.4,4.8,4.7,6.8,9.5,0.6000000000000005,0.09999999999999964
2013-09-01,0.0,0.0,0.0,0.0,0.0,0.0,0.0,0.0,0.0,0.0,0.0,0.0,0.0,0.0,0.0,0.0,0.0,0.0,0.0,0.0,0.0,0.0,0.0,0.0,0.0,0.0,0.0,0.0,2013-09,2013,9,1,0,0,1,0.0,0.0,40.22372,6.3,,6.3,0.8999999999999995,5.4,5.4,4.8,6.0,9.4,0.0,0.6000000000000005
2013-10-01,2.0,1.0,1.0,1.0,0.0,1.0,0.0,2.0,0.0,2.0,2.0,1.0,0.0,0.5,0.0,0.5,0.0,0.5,0.5,0.0,0.0,1.0,0.0,0.0,0.0,0.0,0.0,0.0,2013-10,2013,10,1,0,0,1,2.0,2.0,41.13312,9.8,,9.8,3.500000000000001,6.3,5.4,5.4,6.0,9.2,0.8999999999999995,0.0
2013-11-01,1.0,1.0,0.0,0.0,0.0,1.0,0.0,0.0,0.0,0.0,0.0,0.0,0.0,0.0,0.0,1.0,0.0,1.0,0.0,0.0,0.0,0.0,0.0,0.0,0.0,0.0,0.0,0.0,2013-11,2013,11,1,0,0,1,1.0,0.0,41.45215,10.1,,10.1,0.29999999999999893,9.8,6.3,5.4,4.7,9.3,3.500000000000001,0.8999999999999995
2013-12-01,1.0,1.0,0.0,0.0,0.0,1.0,0.0,0.0,0.0,0.0,0.0,0.0,0.0,0.0,0.0,1.0,0.0,1.0,0.0,0.0,0.0,0.0,0.0,0.0,0.0,0.0,0.0,0.0,2013-12,2013,12,1,0,0,1,1.0,0.0,41.88314,10.4,,10.4,0.3000000000000007,10.1,9.8,6.3,4.8,8.8,0.29999999999999893,3.500000000000001
2014-01-01,0.0,0.0,0.0,0.0,0.0,0.0,0.0,0.0,0.0,0.0,0.0,0.0,0.0,0.0,0.0,0.0,0.0,0.0,0.0,0.0,0.0,0.0,0.0,0.0,0.0,0.0,0.0,0.0,2014-01,2014,1,1,0,0,1,0.0,0.0,43.5291,13.8,,13.8,3.4000000000000004,10.4,10.1,9.8,5.4,7.4,0.3000000000000007,0.29999999999999893
2014-02-01,0.0,0.0,0.0,0.0,0.0,0.0,0.0,0.0,0.0,0.0,0.0,0.0,0.0,0.0,0.0,0.0,0.0,0.0,0.0,0.0,0.0,0.0,0.0,0.0,0.0,0.0,0.0,0.0,2014-02,2014,2,1,0,0,1,0.0,0.0,44.01942,14.0,,14.0,0.1999999999999993,13.8,10.4,10.1,5.4,6.8,3.4000000000000004,0.3000000000000007
2014-03-01,0.0,0.0,0.0,0.0,0.0,0.0,0.0,0.0,0.0,0.0,0.0,0.0,0.0,0.0,0.0,0.0,0.0,0.0,0.0,0.0,0.0,0.0,0.0,0.0,0.0,0.0,0.0,0.0,2014-03,2014,3,1,0,0,1,0.0,0.0,44.42675,14.5,,14.5,0.5,14.0,13.8,10.4,6.3,6.0,0.1999999999999993,3.4000000000000004
2014-04-01,0.0,0.0,0.0,0.0,0.0,0.0,0.0,0.0,0.0,0.0,0.0,0.0,0.0,0.0,0.0,0.0,0.0,0.0,0.0,0.0,0.0,0.0,0.0,0.0,0.0,0.0,0.0,0.0,2014-04,2014,4,1,0,0,1,0.0,0.0,45.19071,14.7,,14.7,0.1999999999999993,14.5,14.0,13.8,9.8,6.0,0.5,0.1999999999999993
2014-05-01,0.0,0.0,0.0,0.0,0.0,0.0,0.0,0.0,0.0,0.0,0.0,0.0,0.0,0.0,0.0,0.0,0.0,0.0,0.0,0.0,0.0,0.0,0.0,0.0,0.0,0.0,0.0,0.0,2014-05,2014,5,1,0,0,1,0.0,0.0,45.57739,14.8,,14.8,0.10000000000000142,14.7,14.5,14.0,10.1,4.7,0.1999999999999993,0.5
2014-06-01,0.0,0.0,0.0,0.0,0.0,0.0,0.0,0.0,0.0,0.0,0.0,0.0,0.0,0.0,0.0,0.0,0.0,0.0,0.0,0.0,0.0,0.0,0.0,0.0,0.0,0.0,0.0,0.0,2014-06,2014,6,1,0,0,1,0.0,0.0,46.3225,15.0,,15.0,0.1999999999999993,14.8,14.7,14.5,10.4,4.8,0.10000000000000142,0.1999999999999993
2014-07-01,0.0,0.0,0.0,0.0,0.0,0.0,0.0,0.0,0.0,0.0,0.0,0.0,0.0,0.0,0.0,0.0,0.0,0.0,0.0,0.0,0.0,0.0,0.0,0.0,0.0,0.0,0.0,0.0,2014-07,2014,7,1,0,0,1,0.0,0.0,47.04146,15.3,,15.3,0.3000000000000007,15.0,14.8,14.7,13.8,5.4,0.1999999999999993,0.10000000000000142
2014-08-01,0.0,0.0,0.0,0.0,0.0,0.0,0.0,0.0,0.0,0.0,0.0,0.0,0.0,0.0,0.0,0.0,0.0,0.0,0.0,0.0,0.0,0.0,0.0,0.0,0.0,0.0,0.0,0.0,2014-08,2014,8,1,0,0,1,0.0,0.0,46.93491,15.9,,15.9,0.5999999999999996,15.3,15.0,14.8,14.0,5.4,0.3000000000000007,0.1999999999999993
2014-09-01,0.0,0.0,0.0,0.0,0.0,0.0,0.0,0.0,0.0,0.0,0.0,0.0,0.0,0.0,0.0,0.0,0.0,0.0,0.0,0.0,0.0,0.0,0.0,0.0,0.0,0.0,0.0,0.0,2014-09,2014,9,1,0,0,1,0.0,0.0,46.84891,16.5,,16.5,0.5999999999999996,15.9,15.3,15.0,14.5,6.3,0.5999999999999996,0.3000000000000007
2014-10-01,0.0,0.0,0.0,0.0,0.0,0.0,0.0,0.0,0.0,0.0,0.0,0.0,0.0,0.0,0.0,0.0,0.0,0.0,0.0,0.0,0.0,0.0,0.0,0.0,0.0,0.0,0.0,0.0,2014-10,2014,10,1,0,0,1,0.0,0.0,48.09938,16.9,,16.9,0.3999999999999986,16.5,15.9,15.3,14.7,9.8,0.5999999999999996,0.5999999999999996
2014-11-01,2.0,1.0,1.0,1.0,0.0,1.0,2.0,2.0,0.0,2.0,2.0,1.0,2.5,0.5,0.0,0.5,1.0,0.5,0.5,0.0,0.0,0.0,1.0,0.0,1.0,0.0,0.0,0.0,2014-11,2014,11,1,0,0,1,2.0,2.0,48.51892,17.1,,17.1,0.20000000000000284,16.9,16.5,15.9,14.8,10.1,0.3999999999999986,0.5999999999999996
2014-12-01,0.0,0.0,0.0,0.0,0.0,0.0,0.0,0.0,0.0,0.0,0.0,0.0,0.0,0.0,0.0,0.0,0.0,0.0,0.0,0.0,0.0,0.0,0.0,0.0,0.0,0.0,0.0,0.0,2014-12,2014,12,1,0,0,1,0.0,0.0,48.99782,17.0,,17.0,-0.10000000000000142,17.1,16.9,16.5,15.0,10.4,0.20000000000000284,0.3999999999999986
2015-01-01,15.0,5.0,10.0,2.0,4.0,9.0,7.0,5.0,14.0,-9.0,-15.0,-0.6,1.0,0.13333333333333333,0.26666666666666666,0.6,0.4666666666666667,0.3333333333333333,-0.13333333333333333,1.0,0.0,0.0,12.0,0.0,0.0,0.0,0.0,1.0,2015-01,2015,1,1,1,0,2,7.5,-7.5,50.68701,16.4,,16.4,-0.6000000000000014,17.0,17.1,16.9,15.3,13.8,-0.10000000000000142,0.20000000000000284
2015-02-01,13.0,9.0,4.0,0.0,3.0,10.0,8.0,3.0,10.0,-7.0,-10.0,-0.5384615384615384,2.3846153846153846,0.0,0.23076923076923078,0.7692307692307693,0.6153846153846154,0.6923076923076923,-0.23076923076923078,0.0,0.0,1.0,6.0,0.0,0.0,3.0,0.0,0.0,2015-02,2015,2,1,1,0,2,6.5,-5.0,51.28406,16.5,,16.5,0.10000000000000142,16.4,17.0,17.1,15.9,14.0,-0.6000000000000014,-0.10000000000000142
2015-03-01,12.0,7.0,5.0,4.0,2.0,6.0,4.0,15.0,5.0,10.0,13.0,0.8333333333333334,0.5,0.3333333333333333,0.16666666666666666,0.5,0.3333333333333333,0.5833333333333334,0.16666666666666666,2.0,0.0,1.0,2.0,1.0,0.0,1.0,0.0,0.0,2015-03,2015,3,1,1,0,2,6.0,6.5,51.82013,16.6,,16.6,0.10000000000000142,16.5,16.4,17.0,16.5,14.5,0.10000000000000142,-0.6000000000000014
2015-04-01,10.0,4.0,6.0,1.0,1.0,8.0,5.0,2.0,4.0,-2.0,0.0,-0.2,2.0,0.1,0.1,0.8,0.5,0.4,0.0,0.0,0.0,0.0,5.0,0.0,0.0,2.0,0.0,0.0,2015-04,2015,4,1,1,0,2,5.0,0.0,52.7636,16.8,,16.8,0.1999999999999993,16.6,16.5,16.4,16.9,14.7,0.10000000000000142,0.10000000000000142
2015-05-01,20.0,14.0,6.0,7.0,2.0,11.0,9.0,31.0,7.0,24.0,32.0,1.2,1.65,0.35,0.1,0.55,0.45,0.7,0.25,3.0,0.0,1.0,4.0,1.0,1.0,2.0,0.0,0.0,2015-05,2015,5,1,1,0,2,10.0,16.0,53.28571,16.9,,16.9,0.09999999999999787,16.8,16.6,16.5,17.1,14.8,0.1999999999999993,0.10000000000000142
2015-06-01,15.0,6.0,9.0,6.0,1.0,8.0,4.0,29.0,2.0,27.0,33.0,1.8,0.3333333333333333,0.4,0.06666666666666667,0.5333333333333333,0.26666666666666666,0.4,0.3333333333333333,1.0,0.0,0.0,8.0,0.0,0.0,1.0,1.0,0.0,2015-06,2015,6,1,1,0,2,7.5,16.5,54.2336,17.1,,17.1,0.20000000000000284,16.9,16.8,16.6,17.0,15.0,0.09999999999999787,0.1999999999999993
2015-07-01,18.0,7.0,11.0,4.0,2.0,12.0,5.0,13.0,6.0,7.0,12.0,0.3888888888888889,0.8333333333333334,0.2222222222222222,0.1111111111111111,0.6666666666666666,0.2777777777777778,0.3888888888888889,0.1111111111111111,4.0,0.0,0.0,5.0,0.0,0.0,5.0,0.0,0.0,2015-07,2015,7,1,1,0,2,9.0,6.0,55.47994,17.9,,17.9,0.7999999999999972,17.1,16.9,16.8,16.4,15.3,0.20000000000000284,0.09999999999999787
2015-08-01,11.0,6.0,5.0,5.0,0.0,6.0,5.0,18.0,0.0,18.0,21.0,1.6363636363636365,1.6363636363636365,0.45454545454545453,0.0,0.5454545454545454,0.45454545454545453,0.5454545454545454,0.45454545454545453,4.0,0.0,0.0,0.0,0.0,0.0,1.0,0.0,0.0,2015-08,2015,8,1,1,0,2,5.5,10.5,55.0642,17.3,,17.3,-0.5999999999999979,17.9,17.1,16.9,16.5,15.9,0.7999999999999972,0.20000000000000284
2015-09-01,11.0,10.0,1.0,0.0,2.0,9.0,4.0,3.0,13.0,-10.0,-16.0,-0.9090909090909091,1.1818181818181819,0.0,0.18181818181818182,0.8181818181818182,0.36363636363636365,0.9090909090909091,-0.18181818181818182,1.0,0.0,1.0,0.0,0.0,0.0,3.0,0.0,0.0,2015-09,2015,9,1,1,0,2,5.5,-8.0,54.98391,17.4,,17.4,0.09999999999999787,17.3,17.9,17.1,16.6,16.5,-0.5999999999999979,0.7999999999999972
2015-10-01,8.0,5.0,3.0,1.0,1.0,6.0,4.0,2.0,2.0,0.0,0.0,0.0,3.5,0.125,0.125,0.75,0.5,0.625,0.0,0.0,0.0,0.0,2.0,0.0,0.0,1.0,0.0,0.0,2015-10,2015,10,1,1,0,2,4.0,0.0,56.46141,17.4,,17.4,0.0,17.4,17.3,17.9,16.8,16.9,0.09999999999999787,-0.5999999999999979
2015-11-01,16.0,14.0,2.0,4.0,1.0,11.0,11.0,12.0,3.0,9.0,15.0,0.5625,2.0,0.25,0.0625,0.6875,0.6875,0.875,0.1875,1.0,0.0,0.0,5.0,0.0,0.0,3.0,0.0,0.0,2015-11,2015,11,1,1,0,2,8.0,7.5,57.04667,17.6,,17.6,0.20000000000000284,17.4,17.4,17.3,16.9,17.1,0.0,0.09999999999999787
2015-12-01,8.0,5.0,3.0,2.0,1.0,5.0,3.0,5.0,2.0,3.0,6.0,0.375,0.75,0.25,0.125,0.625,0.375,0.625,0.125,0.0,0.0,0.0,3.0,0.0,0.0,2.0,0.0,0.0,2015-12,2015,12,1,1,0,2,4.0,3.0,57.66634,17.7,,17.7,0.09999999999999787,17.6,17.4,17.4,17.1,17.0,0.20000000000000284,0.0
2016-01-01,14.0,7.0,7.0,7.0,0.0,7.0,4.0,23.0,0.0,23.0,31.0,1.6428571428571428,1.0,0.5,0.0,0.5,0.2857142857142857,0.5,0.5,1.0,0.0,0.0,6.0,0.0,0.0,3.0,0.0,0.0,2016-01,2016,1,1,1,0,2,7.0,15.5,60.31355,19.0,,19.0,1.3000000000000007,17.7,17.6,17.4,17.9,16.4,0.09999999999999787,0.20000000000000284
2016-02-01,8.0,6.0,2.0,1.0,1.0,6.0,3.0,2.0,2.0,0.0,0.0,0.0,0.375,0.125,0.125,0.75,0.375,0.75,0.0,0.0,0.0,0.0,3.0,0.0,0.0,1.0,0.0,0.0,2016-02,2016,2,1,1,0,2,4.0,0.0,60.7555,18.5,,18.5,-0.5,19.0,17.7,17.6,17.3,16.5,1.3000000000000007,0.09999999999999787
2016-03-01,10.0,10.0,0.0,1.0,2.0,7.0,5.0,2.0,11.0,-9.0,-18.0,-0.9,1.9,0.1,0.2,0.7,0.5,1.0,-0.1,0.0,0.0,0.0,2.0,0.0,0.0,6.0,0.0,1.0,2016-03,2016,3,1,1,0,2,5.0,-9.0,61.77906,19.2,,19.2,0.6999999999999993,18.5,19.0,17.7,17.4,16.6,-0.5,1.3000000000000007
2016-04-01,3.0,2.0,1.0,1.0,0.0,2.0,2.0,3.0,0.0,3.0,6.0,1.0,0.6666666666666666,0.3333333333333333,0.0,0.6666666666666666,0.6666666666666666,0.6666666666666666,0.3333333333333333,0.0,0.0,0.0,2.0,0.0,0.0,0.0,1.0,0.0,2016-04,2016,4,1,1,0,2,1.5,3.0,62.63434,18.7,,18.7,-0.5,19.2,18.5,19.0,17.4,16.8,0.6999999999999993,-0.5
2016-05-01,8.0,8.0,0.0,1.0,1.0,6.0,3.0,9.0,12.0,-3.0,-6.0,-0.375,1.5,0.125,0.125,0.75,0.375,1.0,0.0,1.0,0.0,0.0,1.0,0.0,0.0,2.0,1.0,0.0,2016-05,2016,5,1,1,0,2,4.0,-3.0,63.34953,18.9,,18.9,0.1999999999999993,18.7,19.2,18.5,17.6,16.9,-0.5,0.6999999999999993
2016-06-01,7.0,6.0,1.0,2.0,0.0,5.0,3.0,9.0,0.0,9.0,12.0,1.2857142857142858,1.4285714285714286,0.2857142857142857,0.0,0.7142857142857143,0.42857142857142855,0.8571428571428571,0.2857142857142857,0.0,0.0,1.0,0.0,0.0,0.0,0.0,0.0,0.0,2016-06,2016,6,1,1,0,2,3.5,6.0,64.19568,18.4,,18.4,-0.5,18.9,18.7,19.2,17.7,17.1,0.1999999999999993,-0.5
2016-07-01,9.0,8.0,1.0,0.0,3.0,6.0,3.0,4.0,15.0,-11.0,-18.0,-1.2222222222222223,0.7777777777777778,0.0,0.3333333333333333,0.6666666666666666,0.3333333333333333,0.8888888888888888,-0.3333333333333333,0.0,0.0,1.0,1.0,0.0,0.0,1.0,0.0,0.0,2016-07,2016,7,1,1,0,2,4.5,-9.0,64.75459,16.7,,16.7,-1.6999999999999993,18.4,18.9,18.7,19.0,17.9,-0.5,0.1999999999999993
2016-08-01,8.0,6.0,2.0,3.0,1.0,4.0,4.0,7.0,2.0,5.0,8.0,0.625,1.375,0.375,0.125,0.5,0.5,0.75,0.25,0.0,0.0,1.0,2.0,0.0,0.0,1.0,0.0,0.0,2016-08,2016,8,1,1,0,2,4.0,4.0,64.34805,16.9,,16.9,0.1999999999999993,16.7,18.4,18.9,18.5,17.3,-1.6999999999999993,-0.5
2016-09-01,8.0,5.0,3.0,4.0,0.0,4.0,2.0,15.0,0.0,15.0,24.0,1.875,0.25,0.5,0.0,0.5,0.25,0.625,0.5,0.0,0.0,0.0,2.0,0.0,0.0,4.0,0.0,0.0,2016-09,2016,9,1,1,0,2,4.0,12.0,64.44889,17.2,,17.2,0.3000000000000007,16.9,16.7,18.4,19.2,17.4,0.1999999999999993,-1.6999999999999993
2016-10-01,10.0,9.0,1.0,0.0,2.0,8.0,2.0,0.0,8.0,-8.0,-11.0,-0.8,0.8,0.0,0.2,0.8,0.2,0.9,-0.2,0.0,0.0,0.0,2.0,0.0,0.0,0.0,0.0,0.0,2016-10,2016,10,1,1,0,2,5.0,-5.5,65.36263,15.8,,15.8,-1.3999999999999986,17.2,16.9,16.7,18.7,17.4,0.3000000000000007,0.1999999999999993
2016-11-01,12.0,8.0,4.0,2.0,4.0,6.0,5.0,9.0,13.0,-4.0,-3.0,-0.3333333333333333,1.0833333333333333,0.16666666666666666,0.3333333333333333,0.5,0.4166666666666667,0.6666666666666666,-0.16666666666666666,0.0,0.0,1.0,3.0,0.0,1.0,3.0,0.0,0.0,2016-11,2016,11,1,1,0,2,6.0,-1.5,65.90042,15.5,,15.5,-0.3000000000000007,15.8,17.2,16.9,18.9,17.6,-1.3999999999999986,0.3000000000000007
2016-12-01,10.0,10.0,0.0,0.0,0.0,10.0,3.0,0.0,0.0,0.0,0.0,0.0,0.8,0.0,0.0,1.0,0.3,1.0,0.0,0.0,0.0,0.0,0.0,0.0,0.0,1.0,0.0,0.0,2016-12,2016,12,1,1,0,2,5.0,0.0,66.52501,15.4,,15.4,-0.09999999999999964,15.5,15.8,17.2,18.4,17.7,-0.3000000000000007,-1.3999999999999986
2017-01-01,10.0,7.0,3.0,4.0,1.0,5.0,7.0,17.0,3.0,14.0,17.0,1.4,2.2,0.4,0.1,0.5,0.7,0.7,0.3,3.0,0.0,1.0,0.0,0.0,0.0,2.0,0.0,0.0,2017-01,2017,1,1,1,0,2,5.0,8.5,68.36431,13.4,,13.4,-2.0,15.4,15.5,15.8,16.7,19.0,-0.09999999999999964,-0.3000000000000007
2017-02-01,6.0,4.0,2.0,1.0,0.0,5.0,4.0,2.0,0.0,2.0,4.0,0.3333333333333333,1.1666666666666667,0.16666666666666666,0.0,0.8333333333333334,0.6666666666666666,0.6666666666666666,0.16666666666666666,0.0,0.0,0.0,2.0,0.0,0.0,3.0,0.0,0.0,2017-02,2017,2,1,1,0,2,3.0,2.0,68.80091,13.2,,13.2,-0.20000000000000107,13.4,15.4,15.5,16.9,18.5,-2.0,-0.09999999999999964
2017-03-01,6.0,4.0,2.0,1.0,2.0,3.0,3.0,6.0,12.0,-6.0,-12.0,-1.0,2.0,0.16666666666666666,0.3333333333333333,0.5,0.5,0.6666666666666666,-0.16666666666666666,0.0,0.0,1.0,1.0,0.0,0.0,2.0,1.0,0.0,2017-03,2017,3,1,1,0,2,3.0,-6.0,69.67184,12.8,,12.8,-0.3999999999999986,13.2,13.4,15.4,17.2,19.2,-0.20000000000000107,-2.0
2017-04-01,6.0,3.0,3.0,1.0,1.0,4.0,1.0,2.0,3.0,-1.0,-1.0,-0.16666666666666666,0.16666666666666666,0.16666666666666666,0.16666666666666666,0.6666666666666666,0.16666666666666666,0.5,0.0,1.0,0.0,0.0,3.0,0.0,0.0,0.0,0.0,0.0,2017-04,2017,4,1,1,0,2,3.0,-0.5,70.80166,13.0,,13.0,0.1999999999999993,12.8,13.2,13.4,15.8,18.7,-0.3999999999999986,-0.20000000000000107
2017-05-01,6.0,5.0,1.0,1.0,2.0,3.0,3.0,3.0,5.0,-2.0,-2.0,-0.3333333333333333,2.3333333333333335,0.16666666666666666,0.3333333333333333,0.5,0.5,0.8333333333333334,-0.16666666666666666,0.0,0.0,0.0,1.0,0.0,0.0,2.0,1.0,0.0,2017-05,2017,5,1,1,0,2,3.0,-1.0,71.31726,12.6,,12.6,-0.40000000000000036,13.0,12.8,13.2,15.5,18.9,0.1999999999999993,-0.3999999999999986
2017-06-01,3.0,1.0,2.0,1.0,1.0,1.0,1.0,8.0,2.0,6.0,6.0,2.0,0.3333333333333333,0.3333333333333333,0.3333333333333333,0.3333333333333333,0.3333333333333333,0.3333333333333333,0.0,0.0,0.0,0.0,3.0,0.0,0.0,0.0,0.0,0.0,2017-06,2017,6,1,1,0,2,1.5,3.0,71.96447,12.1,,12.1,-0.5,12.6,13.0,12.8,15.4,18.4,-0.40000000000000036,0.1999999999999993
2017-07-01,15.0,10.0,5.0,1.0,4.0,10.0,5.0,5.0,19.0,-14.0,-29.0,-0.9333333333333333,0.6666666666666666,0.06666666666666667,0.26666666666666666,0.6666666666666666,0.3333333333333333,0.6666666666666666,-0.2,0.0,0.0,1.0,3.0,0.0,1.0,4.0,0.0,1.0,2017-07,2017,7,1,1,0,2,7.5,-14.5,72.43131,11.9,,11.9,-0.1999999999999993,12.1,12.6,13.0,13.4,16.7,-0.5,-0.40000000000000036
2017-08-01,4.0,2.0,2.0,1.0,1.0,2.0,1.0,2.0,3.0,-1.0,-4.0,-0.25,0.5,0.25,0.25,0.5,0.25,0.5,0.0,0.0,0.0,1.0,1.0,0.0,0.0,0.0,0.0,0.0,2017-08,2017,8,1,1,0,2,2.0,-2.0,72.28767,12.3,,12.3,0.40000000000000036,11.9,12.1,12.6,13.2,16.9,-0.1999999999999993,-0.5
2017-09-01,10.0,7.0,3.0,4.0,1.0,5.0,5.0,10.0,3.0,7.0,10.0,0.7,1.2,0.4,0.1,0.5,0.5,0.7,0.3,0.0,0.0,0.0,5.0,0.0,0.0,2.0,0.0,0.0,2017-09,2017,9,1,1,0,2,5.0,5.0,72.29395,12.2,,12.2,-0.10000000000000142,12.3,11.9,12.1,12.8,17.2,0.40000000000000036,-0.1999999999999993
2017-10-01,2.0,1.0,1.0,0.0,0.0,2.0,1.0,0.0,0.0,0.0,0.0,0.0,3.0,0.0,0.0,1.0,0.5,0.5,0.0,0.0,0.0,0.0,2.0,0.0,0.0,0.0,0.0,0.0,2017-10,2017,10,1,1,0,2,1.0,0.0,72.97291,11.6,,11.6,-0.5999999999999996,12.2,12.3,11.9,13.0,15.8,-0.10000000000000142,0.40000000000000036
2017-11-01,11.0,8.0,3.0,1.0,2.0,8.0,4.0,3.0,11.0,-8.0,-17.0,-0.7272727272727273,0.36363636363636365,0.09090909090909091,0.18181818181818182,0.7272727272727273,0.36363636363636365,0.7272727272727273,-0.09090909090909091,0.0,0.0,0.0,4.0,0.0,0.0,4.0,0.0,0.0,2017-11,2017,11,1,1,0,2,5.5,-8.5,73.63879,11.7,,11.7,0.09999999999999964,11.6,12.2,12.3,12.6,15.5,-0.5999999999999996,-0.10000000000000142
2017-12-01,3.0,3.0,0.0,0.0,0.0,3.0,1.0,0.0,0.0,0.0,0.0,0.0,0.3333333333333333,0.0,0.0,1.0,0.3333333333333333,1.0,0.0,0.0,0.0,0.0,0.0,0.0,0.0,1.0,0.0,0.0,2017-12,2017,12,1,1,0,2,1.5,0.0,74.38911,11.8,,11.8,0.10000000000000142,11.7,11.6,12.2,12.1,15.4,0.09999999999999964,-0.5999999999999996
2018-01-01,11.0,6.0,5.0,0.0,1.0,10.0,4.0,0.0,3.0,-3.0,-3.0,-0.2727272727272727,1.0909090909090908,0.0,0.09090909090909091,0.9090909090909091,0.36363636363636365,0.5454545454545454,-0.09090909090909091,0.0,0.0,0.0,5.0,0.0,0.0,2.0,0.0,0.0,2018-01,2018,1,1,1,0,2,5.5,-1.5,75.43974,10.4,,10.4,-1.4000000000000004,11.8,11.7,11.6,11.9,13.4,0.10000000000000142,0.09999999999999964
2018-02-01,13.0,11.0,2.0,4.0,0.0,9.0,7.0,14.0,3.0,11.0,18.0,0.8461538461538461,1.1538461538461537,0.3076923076923077,0.0,0.6923076923076923,0.5384615384615384,0.8461538461538461,0.3076923076923077,0.0,0.0,0.0,3.0,0.0,0.0,2.0,0.0,0.0,2018-02,2018,2,1,1,0,2,6.5,9.0,75.617,9.9,,9.9,-0.5,10.4,11.8,11.7,12.3,13.2,-1.4000000000000004,0.10000000000000142
2018-03-01,14.0,11.0,3.0,3.0,1.0,10.0,8.0,13.0,5.0,8.0,16.0,0.5714285714285714,0.8571428571428571,0.21428571428571427,0.07142857142857142,0.7142857142857143,0.5714285714285714,0.7857142857142857,0.14285714285714285,0.0,0.0,0.0,6.0,0.0,0.0,4.0,0.0,0.0,2018-03,2018,3,1,1,0,2,7.0,8.0,75.91457,9.0,,9.0,-0.9000000000000004,9.9,10.4,11.8,12.2,12.8,-0.5,-1.4000000000000004
2018-04-01,10.0,9.0,1.0,4.0,1.0,5.0,2.0,16.0,3.0,13.0,24.0,1.3,0.2,0.4,0.1,0.5,0.2,0.9,0.3,0.0,0.0,0.0,2.0,0.0,0.0,1.0,0.0,0.0,2018-04,2018,4,1,1,0,2,5.0,12.0,76.43428,8.0,,8.0,-1.0,9.0,9.9,10.4,11.6,13.0,-0.9000000000000004,-0.5
2018-05-01,9.0,6.0,3.0,1.0,3.0,5.0,4.0,7.0,11.0,-4.0,-10.0,-0.4444444444444444,1.2222222222222223,0.1111111111111111,0.3333333333333333,0.5555555555555556,0.4444444444444444,0.6666666666666666,-0.2222222222222222,0.0,0.0,1.0,2.0,0.0,0.0,3.0,0.0,0.0,2018-05,2018,5,1,1,0,2,4.5,-5.0,76.86224,7.8,,7.8,-0.20000000000000018,8.0,9.0,9.9,11.7,12.6,-1.0,-0.9000000000000004
2018-06-01,10.0,7.0,3.0,2.0,0.0,8.0,5.0,7.0,2.0,5.0,10.0,0.5,1.0,0.2,0.0,0.8,0.5,0.7,0.2,1.0,0.0,0.0,4.0,0.0,0.0,3.0,0.0,0.0,2018-06,2018,6,1,1,0,2,5.0,5.0,77.35088,7.5,,7.5,-0.2999999999999998,7.8,8.0,9.0,11.8,12.1,-0.20000000000000018,-1.0
2018-07-01,18.0,13.0,5.0,5.0,2.0,11.0,9.0,13.0,12.0,1.0,-7.0,0.05555555555555555,1.5555555555555556,0.2777777777777778,0.1111111111111111,0.6111111111111112,0.5,0.7222222222222222,0.16666666666666666,1.0,1.0,0.0,3.0,0.0,1.0,8.0,0.0,0.0,2018-07,2018,7,1,1,0,2,9.0,-3.5,77.62998,7.2,,7.2,-0.2999999999999998,7.5,7.8,8.0,10.4,11.9,-0.2999999999999998,-0.20000000000000018
2018-08-01,7.0,5.0,2.0,1.0,1.0,5.0,2.0,19.0,2.0,17.0,17.0,2.4285714285714284,0.5714285714285714,0.14285714285714285,0.14285714285714285,0.7142857142857143,0.2857142857142857,0.7142857142857143,0.0,0.0,0.0,1.0,2.0,0.0,0.0,0.0,0.0,0.0,2018-08,2018,8,1,1,0,2,3.5,8.5,77.80291,7.6,,7.6,0.39999999999999947,7.2,7.5,7.8,9.9,12.3,-0.2999999999999998,-0.2999999999999998
2018-09-01,27.0,13.0,14.0,13.0,3.0,11.0,14.0,73.0,16.0,57.0,63.0,2.111111111111111,1.5925925925925926,0.48148148148148145,0.1111111111111111,0.4074074074074074,0.5185185185185185,0.48148148148148145,0.37037037037037035,8.0,0.0,2.0,4.0,0.0,0.0,5.0,1.0,1.0,2018-09,2018,9,1,1,0,2,13.5,31.5,77.87648,7.7,,7.7,0.10000000000000053,7.6,7.2,7.5,9.0,12.2,0.39999999999999947,-0.2999999999999998
2018-10-01,3.0,2.0,1.0,1.0,1.0,1.0,2.0,2.0,2.0,0.0,2.0,0.0,3.0,0.3333333333333333,0.3333333333333333,0.3333333333333333,0.6666666666666666,0.6666666666666666,0.0,0.0,0.0,0.0,1.0,0.0,0.0,0.0,0.0,0.0,2018-10,2018,10,1,1,0,2,1.5,1.0,78.0891,7.0,,7.0,-0.7000000000000002,7.7,7.6,7.2,8.0,11.6,0.10000000000000053,0.39999999999999947
2018-11-01,0.0,0.0,0.0,0.0,0.0,0.0,0.0,0.0,0.0,0.0,0.0,0.0,0.0,0.0,0.0,0.0,0.0,0.0,0.0,0.0,0.0,0.0,0.0,0.0,0.0,0.0,0.0,0.0,2018-11,2018,11,1,0,0,1,0.0,0.0,78.28805,6.3,,6.3,-0.7000000000000002,7.0,7.7,7.6,7.8,11.7,-0.7000000000000002,0.10000000000000053
2018-12-01,0.0,0.0,0.0,0.0,0.0,0.0,0.0,0.0,0.0,0.0,0.0,0.0,0.0,0.0,0.0,0.0,0.0,0.0,0.0,0.0,0.0,0.0,0.0,0.0,0.0,0.0,0.0,0.0,2018-12,2018,12,1,0,0,1,0.0,0.0,78.7011,5.8,,5.8,-0.5,6.3,7.0,7.7,7.5,11.8,-0.7000000000000002,-0.7000000000000002
2019-01-01,3.0,3.0,0.0,0.0,0.0,3.0,1.0,0.0,0.0,0.0,0.0,0.0,0.3333333333333333,0.0,0.0,1.0,0.3333333333333333,1.0,0.0,0.0,0.0,0.0,0.0,0.0,0.0,0.0,0.0,0.0,2019-01,2019,1,1,0,1,2,1.5,0.0,79.87519,5.9,5.73,5.9,0.10000000000000053,5.8,6.3,7.0,7.2,10.4,-0.5,-0.7000000000000002
2019-02-01,3.0,2.0,1.0,1.0,0.0,2.0,3.0,5.0,3.0,2.0,2.0,0.6666666666666666,4.333333333333333,0.3333333333333333,0.0,0.6666666666666666,1.0,0.6666666666666666,0.3333333333333333,0.0,0.0,0.0,1.0,0.0,0.0,2.0,0.0,0.0,2019-02,2019,2,1,0,1,2,1.5,1.0,80.22481,6.1,5.93,6.1,0.1999999999999993,5.9,5.8,6.3,7.6,9.9,0.10000000000000053,-0.5
2019-03-01,5.0,3.0,2.0,2.0,0.0,3.0,2.0,6.0,0.0,6.0,6.0,1.2,1.0,0.4,0.0,0.6,0.4,0.6,0.4,2.0,0.0,0.0,0.0,0.0,0.0,1.0,0.0,0.0,2019-03,2019,3,1,0,1,2,2.5,3.0,80.87104,6.5,6.36,6.5,0.40000000000000036,6.1,5.9,5.8,7.7,9.0,0.1999999999999993,0.10000000000000053
2019-04-01,6.0,3.0,3.0,4.0,0.0,2.0,1.0,17.0,0.0,17.0,23.0,2.8333333333333335,0.5,0.6666666666666666,0.0,0.3333333333333333,0.16666666666666666,0.5,0.6666666666666666,3.0,0.0,0.0,0.0,0.0,0.0,0.0,0.0,0.0,2019-04,2019,4,1,0,1,2,3.0,11.5,81.36877,6.5,6.32,6.5,0.0,6.5,6.1,5.9,7.0,8.0,0.40000000000000036,0.1999999999999993
2019-05-01,2.0,2.0,0.0,0.0,0.0,2.0,0.0,0.0,0.0,0.0,0.0,0.0,0.0,0.0,0.0,1.0,0.0,1.0,0.0,0.0,0.0,0.0,0.0,0.0,0.0,0.0,0.0,0.0,2019-05,2019,5,1,0,1,2,1.0,0.0,82.25651,7.0,6.91,7.0,0.5,6.5,6.5,6.1,6.3,7.8,0.0,0.40000000000000036
2019-06-01,1.0,1.0,0.0,0.0,0.0,1.0,0.0,0.0,0.0,0.0,0.0,0.0,0.0,0.0,0.0,1.0,0.0,1.0,0.0,0.0,0.0,0.0,0.0,0.0,0.0,0.0,0.0,0.0,2019-06,2019,6,1,0,1,2,0.5,0.0,83.15384,7.5,7.31,7.5,0.5,7.0,6.5,6.5,5.8,7.5,0.5,0.0
2019-07-01,3.0,1.0,2.0,1.0,0.0,2.0,1.0,3.0,0.0,3.0,3.0,1.0,0.3333333333333333,0.3333333333333333,0.0,0.6666666666666666,0.3333333333333333,0.3333333333333333,0.3333333333333333,1.0,0.0,0.0,0.0,0.0,0.0,1.0,0.0,0.0,2019-07,2019,7,1,0,1,2,1.5,1.5,83.44474,7.5,7.17,7.5,0.0,7.5,7.0,6.5,5.9,7.2,0.5,0.5
2019-08-01,3.0,3.0,0.0,0.0,0.0,3.0,1.0,0.0,0.0,0.0,0.0,0.0,0.3333333333333333,0.0,0.0,1.0,0.3333333333333333,1.0,0.0,0.0,0.0,0.0,0.0,0.0,0.0,1.0,0.0,0.0,2019-08,2019,8,1,0,1,2,1.5,0.0,83.78995,7.7,7.43,7.7,0.20000000000000018,7.5,7.5,7.0,6.1,7.6,0.0,0.5
2019-09-01,1.0,1.0,0.0,0.0,0.0,1.0,0.0,0.0,0.0,0.0,0.0,0.0,0.0,0.0,0.0,1.0,0.0,1.0,0.0,0.0,0.0,0.0,0.0,0.0,0.0,0.0,0.0,0.0,2019-09,2019,9,1,0,1,2,0.5,0.0,83.76425,7.6,7.38,7.6,-0.10000000000000053,7.7,7.5,7.5,6.5,7.7,0.20000000000000018,0.0
2019-10-01,4.0,2.0,2.0,1.0,1.0,2.0,1.0,4.0,2.0,2.0,2.0,0.5,0.75,0.25,0.25,0.5,0.25,0.5,0.0,0.0,0.0,2.0,0.0,0.0,0.0,0.0,0.0,0.0,2019-10,2019,10,1,0,1,2,2.0,1.0,84.1123,7.7,7.58,7.7,0.10000000000000053,7.6,7.7,7.5,6.5,7.0,-0.10000000000000053,0.20000000000000018
2019-11-01,6.0,5.0,1.0,1.0,2.0,3.0,3.0,8.0,13.0,-5.0,-8.0,-0.8333333333333334,0.5,0.16666666666666666,0.3333333333333333,0.5,0.5,0.8333333333333334,-0.16666666666666666,0.0,0.0,1.0,0.0,0.0,0.0,3.0,0.0,0.0,2019-11,2019,11,1,0,1,2,3.0,-4.0,84.67459,8.2,8.11,8.2,0.4999999999999991,7.7,7.6,7.7,7.0,6.3,0.10000000000000053,-0.10000000000000053
2019-12-01,2.0,0.0,2.0,1.0,0.0,1.0,1.0,5.0,0.0,5.0,5.0,2.5,0.5,0.5,0.0,0.5,0.5,0.0,0.5,1.0,0.0,0.0,1.0,0.0,0.0,0.0,0.0,0.0,2019-12,2019,12,1,0,1,2,1.0,2.5,84.91984,7.9,7.86,7.9,-0.29999999999999893,8.2,7.7,7.6,7.5,5.8,0.4999999999999991,0.10000000000000053
2020-01-01,2.0,2.0,0.0,0.0,0.0,2.0,0.0,0.0,0.0,0.0,0.0,0.0,0.0,0.0,0.0,1.0,0.0,1.0,0.0,0.0,0.0,0.0,0.0,0.0,0.0,0.0,0.0,0.0,2020-01,2020,1,1,0,1,2,1.0,0.0,86.12437,7.8,7.84,7.8,-0.10000000000000053,7.9,8.2,7.7,7.5,5.9,-0.29999999999999893,0.4999999999999991
2020-02-01,2.0,2.0,0.0,0.0,0.0,2.0,0.0,0.0,0.0,0.0,0.0,0.0,0.0,0.0,0.0,1.0,0.0,1.0,0.0,0.0,0.0,0.0,0.0,0.0,0.0,0.0,0.0,0.0,2020-02,2020,2,1,0,1,2,1.0,0.0,86.47566,7.8,7.84,7.8,0.0,7.8,7.9,8.2,7.7,6.1,-0.10000000000000053,-0.29999999999999893
2020-03-01,3.0,2.0,1.0,0.0,0.0,3.0,1.0,0.0,0.0,0.0,0.0,0.0,0.6666666666666666,0.0,0.0,1.0,0.3333333333333333,0.6666666666666666,0.0,0.0,0.0,1.0,0.0,0.0,0.0,0.0,0.0,0.0,2020-03,2020,3,1,0,1,2,1.5,0.0,87.19369,7.8,7.89,7.8,0.0,7.8,7.8,7.9,7.6,6.5,0.0,-0.10000000000000053
2020-04-01,0.0,0.0,0.0,0.0,0.0,0.0,0.0,0.0,0.0,0.0,0.0,0.0,0.0,0.0,0.0,0.0,0.0,0.0,0.0,0.0,0.0,0.0,0.0,0.0,0.0,0.0,0.0,0.0,2020-04,2020,4,1,0,1,2,0.0,0.0,90.0096,10.6,11.1,10.6,2.8,7.8,7.8,7.8,7.7,6.5,0.0,0.0
2020-05-01,0.0,0.0,0.0,0.0,0.0,0.0,0.0,0.0,0.0,0.0,0.0,0.0,0.0,0.0,0.0,0.0,0.0,0.0,0.0,0.0,0.0,0.0,0.0,0.0,0.0,0.0,0.0,0.0,2020-05,2020,5,1,0,1,2,0.0,0.0,91.55479,11.3,12.03,11.3,0.7000000000000011,10.6,7.8,7.8,8.2,7.0,2.8,0.0
2020-06-01,1.0,1.0,0.0,0.0,0.0,1.0,0.0,0.0,0.0,0.0,0.0,0.0,0.0,0.0,0.0,1.0,0.0,1.0,0.0,0.0,0.0,0.0,0.0,0.0,0.0,0.0,0.0,0.0,2020-06,2020,6,1,0,1,2,0.5,0.0,92.46842,11.2,12.16,11.2,-0.10000000000000142,11.3,10.6,7.8,7.9,7.5,0.7000000000000011,2.8
2020-07-01,2.0,2.0,0.0,0.0,0.0,2.0,1.0,0.0,0.0,0.0,0.0,0.0,0.5,0.0,0.0,1.0,0.5,1.0,0.0,0.0,0.0,0.0,0.0,0.0,0.0,0.0,0.0,0.0,2020-07,2020,7,1,0,1,2,1.0,0.0,92.96651,11.4,12.31,11.4,0.20000000000000107,11.2,11.3,10.6,7.8,7.5,-0.10000000000000142,0.7000000000000011
2020-08-01,2.0,2.0,0.0,0.0,0.0,2.0,1.0,0.0,0.0,0.0,0.0,0.0,0.5,0.0,0.0,1.0,0.5,1.0,0.0,0.0,0.0,0.0,0.0,0.0,0.0,0.0,0.0,0.0,2020-08,2020,8,1,0,1,2,1.0,0.0,92.62629,10.6,11.35,10.6,-0.8000000000000007,11.4,11.2,11.3,7.8,7.7,0.20000000000000107,-0.10000000000000142
2020-09-01,4.0,3.0,1.0,0.0,1.0,3.0,3.0,0.0,10.0,-10.0,-10.0,-2.5,3.0,0.0,0.25,0.75,0.75,0.75,-0.25,0.0,0.0,2.0,0.0,0.0,0.0,2.0,0.0,0.0,2020-09,2020,9,1,0,1,2,2.0,-5.0,92.46427,10.4,11.2,10.4,-0.1999999999999993,10.6,11.4,11.2,7.8,7.6,-0.8000000000000007,0.20000000000000107
2020-10-01,1.0,1.0,0.0,0.0,0.0,1.0,0.0,0.0,0.0,0.0,0.0,0.0,0.0,0.0,0.0,1.0,0.0,1.0,0.0,0.0,0.0,0.0,0.0,0.0,0.0,0.0,0.0,0.0,2020-10,2020,10,1,0,1,2,0.5,0.0,92.64067,10.1,10.96,10.1,-0.3000000000000007,10.4,10.6,11.4,10.6,7.7,-0.1999999999999993,-0.8000000000000007
2020-11-01,0.0,0.0,0.0,0.0,0.0,0.0,0.0,0.0,0.0,0.0,0.0,0.0,0.0,0.0,0.0,0.0,0.0,0.0,0.0,0.0,0.0,0.0,0.0,0.0,0.0,0.0,0.0,0.0,2020-11,2020,11,1,0,1,2,0.0,0.0,92.94066,9.8,10.47,9.8,-0.29999999999999893,10.1,10.4,10.6,11.3,8.2,-0.3000000000000007,-0.1999999999999993
2020-12-01,2.0,2.0,0.0,0.0,1.0,1.0,1.0,0.0,6.0,-6.0,-12.0,-3.0,0.5,0.0,0.5,0.5,0.5,1.0,-0.5,0.0,0.0,0.0,0.0,0.0,0.0,0.0,0.0,0.0,2020-12,2020,12,1,0,1,2,1.0,-6.0,93.7744,10.4,11.19,10.4,0.5999999999999996,9.8,10.1,10.4,11.2,7.9,-0.29999999999999893,-0.3000000000000007
2021-01-01,1.0,1.0,0.0,0.0,0.0,1.0,1.0,0.0,0.0,0.0,0.0,0.0,3.0,0.0,0.0,1.0,1.0,1.0,0.0,0.0,0.0,0.0,0.0,0.0,0.0,0.0,0.0,0.0,2021-01,2021,1,1,0,1,2,0.5,0.0,94.6511,9.9,10.72,9.9,-0.5,10.4,9.8,10.1,11.4,7.8,0.5999999999999996,-0.29999999999999893
2021-02-01,2.0,2.0,0.0,0.0,0.0,2.0,1.0,0.0,0.0,0.0,0.0,0.0,1.5,0.0,0.0,1.0,0.5,1.0,0.0,0.0,0.0,0.0,0.0,0.0,0.0,1.0,0.0,0.0,2021-02,2021,2,1,0,1,2,1.0,0.0,95.37414,10.3,11.09,10.3,0.40000000000000036,9.9,10.4,9.8,10.6,7.8,-0.5,0.5999999999999996
2021-03-01,3.0,2.0,1.0,1.0,0.0,2.0,2.0,4.0,0.0,4.0,4.0,1.3333333333333333,2.0,0.3333333333333333,0.0,0.6666666666666666,0.6666666666666666,0.6666666666666666,0.3333333333333333,0.0,0.0,0.0,3.0,0.0,0.0,0.0,0.0,0.0,2021-03,2021,3,1,0,1,2,1.5,2.0,96.20172,10.3,11.07,10.3,0.0,10.3,9.9,10.4,10.4,7.8,0.40000000000000036,-0.5
2021-04-01,1.0,0.0,1.0,0.0,0.0,1.0,0.0,0.0,0.0,0.0,0.0,0.0,0.0,0.0,0.0,1.0,0.0,0.0,0.0,0.0,0.0,0.0,1.0,0.0,0.0,0.0,0.0,0.0,2021-04,2021,4,1,0,1,2,0.5,0.0,97.68126,8.5,8.83,8.5,-1.8000000000000007,10.3,10.3,9.9,10.1,10.6,0.0,0.40000000000000036
2021-05-01,7.0,3.0,4.0,3.0,1.0,3.0,3.0,11.0,3.0,8.0,5.0,1.1428571428571428,1.2857142857142858,0.42857142857142855,0.14285714285714285,0.42857142857142855,0.42857142857142855,0.42857142857142855,0.2857142857142857,0.0,0.0,1.0,4.0,0.0,0.0,0.0,0.0,0.0,2021-05,2021,5,1,0,1,2,3.5,2.5,98.44345,7.5,7.5,7.5,-1.0,8.5,10.3,10.3,9.8,11.3,-1.8000000000000007,0.0
2021-06-01,3.0,2.0,1.0,1.0,0.0,2.0,0.0,5.0,0.0,5.0,5.0,1.6666666666666667,0.0,0.3333333333333333,0.0,0.6666666666666666,0.0,0.6666666666666666,0.3333333333333333,0.0,0.0,0.0,1.0,0.0,0.0,0.0,0.0,0.0,2021-06,2021,6,1,0,1,2,1.5,2.5,99.69114,7.8,7.52,7.8,0.2999999999999998,7.5,8.5,10.3,10.4,11.2,-1.0,-1.8000000000000007
2021-07-01,3.0,3.0,0.0,0.0,0.0,3.0,0.0,0.0,0.0,0.0,0.0,0.0,0.0,0.0,0.0,1.0,0.0,1.0,0.0,0.0,0.0,0.0,1.0,0.0,0.0,1.0,0.0,0.0,2021-07,2021,7,1,0,1,2,1.5,0.0,101.32045,9.0,8.83,9.0,1.2000000000000002,7.8,7.5,8.5,9.9,11.4,0.2999999999999998,-1.0
2021-08-01,2.0,2.0,0.0,0.0,0.0,2.0,0.0,0.0,0.0,0.0,0.0,0.0,0.0,0.0,0.0,1.0,0.0,1.0,0.0,0.0,0.0,0.0,0.0,0.0,0.0,0.0,0.0,0.0,2021-08,2021,8,1,0,1,2,1.0,0.0,101.59289,9.7,9.46,9.7,0.6999999999999993,9.0,7.8,7.5,10.3,10.6,1.2000000000000002,0.2999999999999998
2021-09-01,3.0,2.0,1.0,2.0,0.0,1.0,3.0,5.0,0.0,5.0,7.0,1.6666666666666667,7.0,0.6666666666666666,0.0,0.3333333333333333,1.0,0.6666666666666666,0.6666666666666666,0.0,0.0,2.0,0.0,0.0,0.0,1.0,0.0,0.0,2021-09,2021,9,1,0,1,2,1.5,3.5,102.2446,10.6,10.03,10.6,0.9000000000000004,9.7,9.0,7.8,10.3,10.4,0.6999999999999993,1.2000000000000002
2021-10-01,1.0,0.0,1.0,0.0,0.0,1.0,0.0,0.0,0.0,0.0,0.0,0.0,0.0,0.0,0.0,1.0,0.0,0.0,0.0,0.0,0.0,0.0,1.0,0.0,0.0,0.0,0.0,0.0,2021-10,2021,10,1,0,1,2,0.5,0.0,102.86702,11.0,10.28,11.0,0.40000000000000036,10.6,9.7,9.0,8.5,10.1,0.9000000000000004,0.6999999999999993
2021-11-01,3.0,2.0,1.0,2.0,0.0,1.0,0.0,5.0,0.0,5.0,8.0,1.6666666666666667,0.0,0.6666666666666666,0.0,0.3333333333333333,0.0,0.6666666666666666,0.6666666666666666,0.0,0.0,0.0,0.0,0.0,0.0,0.0,0.0,1.0,2021-11,2021,11,1,0,1,2,1.5,4.0,104.32379,12.3,11.47,12.3,1.3000000000000007,11.0,10.6,9.7,7.5,9.8,0.40000000000000036,0.9000000000000004
2021-12-01,0.0,0.0,0.0,0.0,0.0,0.0,0.0,0.0,0.0,0.0,0.0,0.0,0.0,0.0,0.0,0.0,0.0,0.0,0.0,0.0,0.0,0.0,0.0,0.0,0.0,0.0,0.0,0.0,2021-12,2021,12,1,0,1,2,0.0,0.0,105.60845,12.6,11.91,12.6,0.29999999999999893,12.3,11.0,10.6,7.8,10.4,1.3000000000000007,0.40000000000000036
2022-01-01,4.0,3.0,1.0,0.0,0.0,4.0,2.0,0.0,0.0,0.0,0.0,0.0,1.75,0.0,0.0,1.0,0.5,0.75,0.0,0.0,0.0,0.0,1.0,0.0,0.0,0.0,0.0,0.0,2022-01,2022,1,1,0,1,2,2.0,0.0,107.83941,13.9,13.28,13.9,1.3000000000000007,12.6,12.3,11.0,9.0,9.9,0.29999999999999893,1.3000000000000007
2022-02-01,4.0,0.0,4.0,1.0,0.0,3.0,0.0,3.0,0.0,3.0,3.0,0.75,0.0,0.25,0.0,0.75,0.0,0.0,0.25,1.0,0.0,0.0,3.0,0.0,0.0,0.0,0.0,0.0,2022-02,2022,2,1,0,1,2,2.0,1.5,110.38393,15.7,14.99,15.7,1.799999999999999,13.9,12.6,12.3,9.7,10.3,1.3000000000000007,0.29999999999999893
2022-03-01,3.0,1.0,2.0,0.0,0.0,3.0,0.0,0.0,0.0,0.0,0.0,0.0,0.0,0.0,0.0,1.0,0.0,0.3333333333333333,0.0,0.0,0.0,0.0,3.0,0.0,0.0,0.0,0.0,0.0,2022-03,2022,3,1,0,1,2,1.5,0.0,114.85201,19.4,18.58,19.4,3.6999999999999993,15.7,13.9,12.6,10.6,10.3,1.799999999999999,1.3000000000000007
2022-04-01,6.0,4.0,2.0,3.0,0.0,3.0,3.0,11.0,0.0,11.0,19.0,1.8333333333333333,0.6666666666666666,0.5,0.0,0.5,0.5,0.6666666666666666,0.5,0.0,0.0,3.0,1.0,0.0,0.0,0.0,0.0,0.0,2022-04,2022,4,1,0,1,2,3.0,9.5,120.76402,23.6,22.52,23.6,4.200000000000003,19.4,15.7,13.9,11.0,8.5,3.6999999999999993,1.799999999999999
2022-05-01,6.0,4.0,2.0,2.0,0.0,4.0,0.0,5.0,0.0,5.0,5.0,0.8333333333333334,0.0,0.3333333333333333,0.0,0.6666666666666666,0.0,0.6666666666666666,0.3333333333333333,1.0,0.0,2.0,0.0,0.0,0.0,0.0,0.0,0.0,2022-05,2022,5,1,0,1,2,3.0,2.5,125.66184,27.7,26.64,27.7,4.099999999999998,23.6,19.4,15.7,12.3,7.5,4.200000000000003,3.6999999999999993
2022-06-01,5.0,5.0,0.0,0.0,0.0,5.0,2.0,0.0,0.0,0.0,0.0,0.0,1.4,0.0,0.0,1.0,0.4,1.0,0.0,0.0,0.0,2.0,1.0,0.0,0.0,1.0,0.0,0.0,2022-06,2022,6,1,0,1,2,2.5,0.0,129.41848,29.8,28.62,29.8,2.1000000000000014,27.7,23.6,19.4,12.6,7.8,4.099999999999998,4.200000000000003
2022-07-01,7.0,6.0,1.0,3.0,0.0,4.0,5.0,14.0,0.0,14.0,25.0,2.0,1.8571428571428572,0.42857142857142855,0.0,0.5714285714285714,0.7142857142857143,0.8571428571428571,0.42857142857142855,0.0,0.0,2.0,2.0,0.0,0.0,1.0,0.0,0.0,2022-07,2022,7,1,0,1,2,3.5,12.5,133.48796,31.8,30.46,31.8,2.0,29.8,27.7,23.6,13.9,9.0,2.1000000000000014,4.099999999999998
2022-08-01,15.0,12.0,3.0,4.0,0.0,11.0,11.0,17.0,2.0,15.0,24.0,1.0,2.0,0.26666666666666666,0.0,0.7333333333333333,0.7333333333333333,0.8,0.26666666666666666,4.0,0.0,2.0,2.0,0.0,0.0,3.0,0.0,0.0,2022-08,2022,8,1,0,1,2,7.5,12.0,136.04654,33.9,32.76,33.9,2.099999999999998,31.8,29.8,27.7,15.7,9.7,2.0,2.1000000000000014
2022-09-01,7.0,6.0,1.0,1.0,0.0,6.0,6.0,3.0,0.0,3.0,3.0,0.42857142857142855,1.5714285714285714,0.14285714285714285,0.0,0.8571428571428571,0.8571428571428571,0.8571428571428571,0.14285714285714285,1.0,0.0,0.0,0.0,0.0,0.0,1.0,0.0,0.0,2022-09,2022,9,1,0,1,2,3.5,1.5,140.6,37.2,36.2,37.2,3.3000000000000043,33.9,31.8,29.8,19.4,10.6,2.099999999999998,2.0
2022-10-01,12.0,10.0,2.0,4.0,0.0,8.0,5.0,10.0,0.0,10.0,14.0,0.8333333333333334,0.75,0.3333333333333333,0.0,0.6666666666666666,0.4166666666666667,0.8333333333333334,0.3333333333333333,0.0,0.0,2.0,1.0,0.0,0.0,3.0,0.0,0.0,2022-10,2022,10,1,0,1,2,6.0,7.0,144.4,40.4,39.66,40.4,3.1999999999999957,37.2,33.9,31.8,23.6,11.0,3.3000000000000043,2.099999999999998
2022-11-01,10.0,7.0,3.0,3.0,0.0,7.0,4.0,10.0,0.0,10.0,12.0,1.0,0.4,0.3,0.0,0.7,0.4,0.7,0.3,1.0,0.0,1.0,2.0,0.0,0.0,2.0,0.0,0.0,2022-11,2022,11,1,0,1,2,5.0,6.0,156.8,50.3,49.69,50.3,9.899999999999999,40.4,37.2,33.9,27.7,12.3,3.1999999999999957,3.3000000000000043
2022-12-01,3.0,1.0,2.0,0.0,2.0,1.0,0.0,0.0,4.0,-4.0,-4.0,-1.3333333333333333,0.0,0.0,0.6666666666666666,0.3333333333333333,0.0,0.3333333333333333,-0.6666666666666666,2.0,0.0,0.0,0.0,0.0,0.0,0.0,0.0,0.0,2022-12,2022,12,1,0,1,2,1.5,-2.0,162.79,54.1,53.24,54.1,3.8000000000000043,50.3,40.4,37.2,29.8,12.6,9.899999999999999,3.1999999999999957
2023-01-01,9.0,7.0,2.0,3.0,0.0,6.0,6.0,15.0,0.0,15.0,27.0,1.6666666666666667,1.6666666666666667,0.3333333333333333,0.0,0.6666666666666666,0.6666666666666666,0.7777777777777778,0.3333333333333333,0.0,0.0,1.0,2.0,0.0,0.0,3.0,0.0,0.0,2023-01,2023,1,1,0,1,2,4.5,13.5,165.6,53.6,52.77,53.6,-0.5,54.1,50.3,40.4,31.8,13.9,3.8000000000000043,9.899999999999999
2023-02-01,4.0,3.0,1.0,1.0,0.0,3.0,2.0,5.0,3.0,2.0,2.0,0.5,1.25,0.25,0.0,0.75,0.5,0.75,0.25,0.0,1.0,0.0,1.0,0.0,0.0,0.0,0.0,0.0,2023-02,2023,2,1,0,1,2,2.0,1.0,168.7,52.8,52.0,52.8,-0.8000000000000043,53.6,54.1,50.3,33.9,15.7,-0.5,3.8000000000000043
2023-03-01,2.0,2.0,0.0,0.0,0.0,2.0,1.0,0.0,0.0,0.0,0.0,0.0,0.5,0.0,0.0,1.0,0.5,1.0,0.0,0.0,0.0,1.0,0.0,0.0,0.0,0.0,0.0,0.0,2023-03,2023,3,1,0,1,2,1.0,0.0,166.6,45.0,44.64,45.0,-7.799999999999997,52.8,53.6,54.1,37.2,19.4,-0.8000000000000043,-0.5
2023-04-01,0.0,0.0,0.0,0.0,0.0,0.0,0.0,0.0,0.0,0.0,0.0,0.0,0.0,0.0,0.0,0.0,0.0,0.0,0.0,0.0,0.0,0.0,0.0,0.0,0.0,0.0,0.0,0.0,2023-04,2023,4,1,0,1,2,0.0,0.0,170.5,41.2,41.66,41.2,-3.799999999999997,45.0,52.8,53.6,40.4,23.6,-7.799999999999997,-0.8000000000000043
2023-05-01,2.0,1.0,1.0,1.0,0.0,1.0,1.0,3.0,0.0,3.0,3.0,1.5,1.5,0.5,0.0,0.5,0.5,0.5,0.5,0.0,0.0,0.0,1.0,0.0,0.0,0.0,0.0,0.0,2023-05,2023,5,1,0,1,2,1.0,1.5,178.66022,42.2,42.79,42.2,1.0,41.2,45.0,52.8,50.3,27.7,-3.799999999999997,-7.799999999999997
2023-06-01,4.0,4.0,0.0,1.0,0.0,3.0,1.0,4.0,0.0,4.0,8.0,1.0,0.25,0.25,0.0,0.75,0.25,1.0,0.25,0.0,0.0,2.0,1.0,0.0,0.0,0.0,0.0,0.0,2023-06,2023,6,1,0,1,2,2.0,4.0,184.42168,42.5,43.47,42.5,0.29999999999999716,42.2,41.2,45.0,54.1,29.8,1.0,-3.799999999999997
2023-07-01,4.0,4.0,0.0,0.0,0.0,4.0,1.0,0.0,0.0,0.0,0.0,0.0,1.25,0.0,0.0,1.0,0.25,1.0,0.0,0.0,0.0,0.0,0.0,0.0,1.0,0.0,0.0,0.0,2023-07,2023,7,1,0,1,2,2.0,0.0,191.00229,43.1,44.2,43.1,0.6000000000000014,42.5,42.2,41.2,53.6,31.8,0.29999999999999716,1.0
2023-08-01,5.0,5.0,0.0,1.0,0.0,4.0,2.0,5.0,0.0,5.0,10.0,1.0,0.4,0.2,0.0,0.8,0.4,1.0,0.2,1.0,0.0,0.0,1.0,0.0,0.0,0.0,0.0,0.0,2023-08,2023,8,1,0,1,2,2.5,5.0,190.55675,40.1,40.99,40.1,-3.0,43.1,42.5,42.2,52.8,33.9,0.6000000000000014,0.29999999999999716
2023-09-01,2.0,2.0,0.0,0.0,0.0,2.0,0.0,0.0,0.0,0.0,0.0,0.0,0.0,0.0,0.0,1.0,0.0,1.0,0.0,0.0,0.0,0.0,0.0,0.0,0.0,0.0,0.0,0.0,2023-09,2023,9,1,0,1,2,1.0,0.0,194.13016,38.1,38.99,38.1,-2.0,40.1,43.1,42.5,45.0,37.2,-3.0,0.6000000000000014
2023-10-01,1.0,1.0,0.0,0.0,0.0,1.0,1.0,0.0,0.0,0.0,0.0,0.0,1.0,0.0,0.0,1.0,1.0,1.0,0.0,0.0,0.0,0.0,0.0,0.0,0.0,0.0,0.0,0.0,2023-10,2023,10,1,0,1,2,0.5,0.0,195.2424,35.2,36.17,35.2,-2.8999999999999986,38.1,40.1,43.1,41.2,40.4,-2.0,-3.0
2023-11-01,7.0,7.0,0.0,0.0,1.0,6.0,2.0,0.0,12.0,-12.0,-24.0,-1.7142857142857142,1.1428571428571428,0.0,0.14285714285714285,0.8571428571428571,0.2857142857142857,1.0,-0.14285714285714285,0.0,0.0,0.0,0.0,0.0,0.0,3.0,0.0,0.0,2023-11,2023,11,1,0,1,2,3.5,-12.0,198.24199,26.4,27.16,26.4,-8.800000000000004,35.2,38.1,40.1,42.2,50.3,-2.8999999999999986,-2.0
2023-12-01,3.0,3.0,0.0,1.0,0.0,2.0,2.0,2.0,0.0,2.0,4.0,0.6666666666666666,1.6666666666666667,0.3333333333333333,0.0,0.6666666666666666,0.6666666666666666,1.0,0.3333333333333333,0.0,0.0,0.0,1.0,0.0,0.0,0.0,0.0,0.0,2023-12,2023,12,1,0,1,2,1.5,2.0,200.53905,23.2,24.18,23.2,-3.1999999999999993,26.4,35.2,38.1,42.5,54.1,-8.800000000000004,-2.8999999999999986
2024-01-01,5.0,4.0,1.0,1.0,1.0,3.0,2.0,2.0,15.0,-13.0,-28.0,-2.6,1.8,0.2,0.2,0.6,0.4,0.8,0.0,0.0,0.0,0.0,2.0,0.0,0.0,0.0,0.0,0.0,2024-01,2024,1,1,0,1,2,2.5,-14.0,204.55,23.52,24.16,23.52,0.3200000000000003,23.2,26.4,35.2,43.1,53.6,-3.1999999999999993,-8.800000000000004
2024-02-01,6.0,5.0,1.0,0.0,1.0,5.0,3.0,0.0,3.0,-3.0,-6.0,-0.5,0.8333333333333334,0.0,0.16666666666666666,0.8333333333333334,0.5,0.8333333333333334,-0.16666666666666666,0.0,1.0,2.0,0.0,0.0,0.0,1.0,0.0,0.0,2024-02,2024,2,1,0,1,2,3.0,-3.0,207.79,23.18,24.0,23.18,-0.33999999999999986,23.52,23.2,26.4,40.1,52.8,0.3200000000000003,-3.1999999999999993
2024-03-01,5.0,4.0,1.0,1.0,0.0,4.0,3.0,12.0,6.0,6.0,6.0,1.2,1.6,0.2,0.0,0.8,0.6,0.8,0.2,1.0,0.0,0.0,1.0,0.0,0.0,1.0,0.0,0.0,2024-03,2024,3,1,0,1,2,2.5,3.0,209.54,25.79,26.3,25.79,2.6099999999999994,23.18,23.52,23.2,38.1,45.0,-0.33999999999999986,0.3200000000000003
2024-04-01,4.0,3.0,1.0,1.0,0.0,3.0,3.0,2.0,0.0,2.0,2.0,0.5,1.25,0.25,0.0,0.75,0.75,0.75,0.25,0.0,0.0,0.0,1.0,0.0,0.0,2.0,0.0,0.0,2024-04,2024,4,1,0,1,2,2.0,1.0,213.27,25.04,24.8,25.04,-0.75,25.79,23.18,23.52,35.2,41.2,2.6099999999999994,-0.33999999999999986
2024-05-01,7.0,5.0,2.0,2.0,0.0,5.0,4.0,8.0,0.0,8.0,8.0,1.1428571428571428,0.8571428571428571,0.2857142857142857,0.0,0.7142857142857143,0.5714285714285714,0.7142857142857143,0.2857142857142857,1.0,0.0,1.0,0.0,0.0,0.0,1.0,0.0,0.0,2024-05,2024,5,1,0,1,2,3.5,4.0,220.02,23.14,22.6,23.14,-1.8999999999999986,25.04,25.79,23.18,26.4,42.2,-0.75,2.6099999999999994
2024-06-01,3.0,2.0,1.0,1.0,1.0,1.0,1.0,2.0,4.0,-2.0,-6.0,-0.6666666666666666,0.3333333333333333,0.3333333333333333,0.3333333333333333,0.3333333333333333,0.3333333333333333,0.6666666666666666,0.0,0.0,0.0,0.0,1.0,0.0,0.0,0.0,0.0,0.0,2024-06,2024,6,1,0,1,2,1.5,-3.0,226.38,22.75,22.1,22.75,-0.39000000000000057,23.14,25.04,25.79,23.2,42.5,-1.8999999999999986,-0.75
2024-07-01,8.0,8.0,0.0,0.0,1.0,7.0,4.0,3.0,6.0,-3.0,-6.0,-0.375,1.375,0.0,0.125,0.875,0.5,1.0,-0.125,0.0,0.0,0.0,0.0,0.0,0.0,2.0,0.0,0.0,2024-07,2024,7,1,0,1,2,4.0,-3.0,231.02,20.95,19.9,20.95,-1.8000000000000007,22.75,23.14,25.04,23.52,43.1,-0.39000000000000057,-1.8999999999999986
2024-08-01,2.0,0.0,2.0,1.0,0.0,1.0,1.0,6.0,0.0,6.0,6.0,3.0,6.0,0.5,0.0,0.5,0.5,0.0,0.5,0.0,0.0,1.0,1.0,0.0,0.0,0.0,0.0,0.0,2024-08,2024,8,1,0,1,2,1.0,3.0,229.38,20.37,19.4,20.37,-0.5799999999999983,20.95,22.75,23.14,23.18,40.1,-1.8000000000000007,-0.39000000000000057
2024-09-01,2.0,1.0,1.0,0.0,1.0,1.0,2.0,0.0,6.0,-6.0,-12.0,-3.0,2.0,0.0,0.5,0.5,1.0,0.5,-0.5,0.0,0.0,0.0,1.0,0.0,0.0,1.0,0.0,0.0,2024-09,2024,9,1,0,1,2,1.0,-6.0,235.81,21.46,20.8,21.46,1.0899999999999999,20.37,20.95,22.75,25.79,38.1,-0.5799999999999983,-1.8000000000000007
2024-10-01,5.0,4.0,1.0,2.0,0.0,3.0,3.0,13.0,0.0,13.0,17.0,2.6,1.4,0.4,0.0,0.6,0.6,0.8,0.4,1.0,1.0,0.0,0.0,0.0,0.0,1.0,0.0,0.0,2024-10,2024,10,1,0,1,2,2.5,8.5,237.83,22.109,21.3,22.109,0.6490000000000009,21.46,20.37,20.95,25.04,35.2,1.0899999999999999,-0.5799999999999983
2024-11-01,6.0,6.0,0.0,0.0,1.0,5.0,6.0,2.0,3.0,-1.0,-2.0,-0.16666666666666666,2.3333333333333335,0.0,0.16666666666666666,0.8333333333333334,1.0,1.0,-0.16666666666666666,0.0,0.0,0.0,0.0,0.0,0.0,2.0,0.0,0.0,2024-11,2024,11,1,0,1,2,3.0,-1.0,243.91,23.03,22.4,23.03,0.9209999999999994,22.109,21.46,20.37,23.14,26.4,0.6490000000000009,1.0899999999999999
2024-12-01,1.0,1.0,0.0,0.0,0.0,1.0,0.0,0.0,0.0,0.0,0.0,0.0,0.0,0.0,0.0,1.0,0.0,1.0,0.0,0.0,0.0,0.0,0.0,0.0,0.0,0.0,0.0,0.0,2024-12,2024,12,1,0,1,2,0.5,0.0,248.34,23.82,23.1,23.82,0.7899999999999991,23.03,22.109,21.46,22.75,23.2,0.9209999999999994,0.6490000000000009
2025-01-01,4.0,4.0,0.0,0.0,2.0,2.0,1.0,0.0,8.0,-8.0,-16.0,-2.0,0.75,0.0,0.5,0.5,0.25,1.0,-0.5,0.0,0.0,1.0,0.0,0.0,0.0,1.0,0.0,0.0,2025-01,2025,1,1,0,1,2,2.0,-8.0,252.62,23.48,22.8,23.48,-0.33999999999999986,23.82,23.03,22.109,20.95,23.52,0.7899999999999991,0.9209999999999994
2025-02-01,9.0,9.0,0.0,0.0,1.0,8.0,5.0,0.0,6.0,-6.0,-12.0,-0.6666666666666666,1.3333333333333333,0.0,0.1111111111111111,0.8888888888888888,0.5555555555555556,1.0,-0.1111111111111111,0.0,0.0,2.0,0.0,0.0,0.0,3.0,0.0,0.0,2025-02,2025,2,1,0,1,2,4.5,-6.0,255.89,23.13,22.4,23.13,-0.3500000000000014,23.48,23.82,23.03,20.37,23.18,-0.33999999999999986,0.7899999999999991
2025-03-01,6.0,5.0,1.0,0.0,2.0,4.0,5.0,0.0,9.0,-9.0,-18.0,-1.5,2.8333333333333335,0.0,0.3333333333333333,0.6666666666666666,0.8333333333333334,0.8333333333333334,-0.3333333333333333,0.0,0.0,0.0,1.0,1.0,0.0,3.0,0.0,0.0,2025-03,2025,3,1,0,1,2,3.0,-9.0,256.53,22.41,23.2,22.41,-0.7199999999999989,23.13,23.48,23.82,21.46,25.79,-0.3500000000000014,-0.33999999999999986
2025-04-01,8.0,8.0,0.0,0.0,0.0,8.0,4.0,0.0,0.0,0.0,0.0,0.0,0.875,0.0,0.0,1.0,0.5,1.0,0.0,0.0,0.0,1.0,0.0,0.0,0.0,2.0,0.0,0.0,2025-04,2025,4,1,0,1,2,4.0,0.0,258.59,21.24,20.98,21.24,-1.1700000000000017,22.41,23.13,23.48,22.109,25.04,-0.7199999999999989,-0.3500000000000014
2025-05-01,9.0,8.0,1.0,0.0,2.0,7.0,4.0,4.0,12.0,-8.0,-13.0,-0.8888888888888888,0.5555555555555556,0.0,0.2222222222222222,0.7777777777777778,0.4444444444444444,0.8888888888888888,-0.2222222222222222,1.0,0.0,0.0,0.0,0.0,0.0,2.0,1.0,0.0,2025-05,2025,5,1,0,1,2,4.5,-6.5,260.46,18.38,18.4,18.38,-2.8599999999999994,21.24,22.41,23.13,23.03,23.14,-1.1700000000000017,-0.7199999999999989
2025-06-01,4.0,4.0,0.0,0.0,0.0,4.0,2.0,0.0,0.0,0.0,0.0,0.0,0.5,0.0,0.0,1.0,0.5,1.0,0.0,0.0,0.0,1.0,2.0,0.0,0.0,0.0,0.0,0.0,2025-06,2025,6,1,0,1,2,2.0,0.0,257.32,13.67,13.0,13.67,-4.709999999999999,18.38,21.24,22.41,23.82,22.75,-2.8599999999999994,-1.1700000000000017
2025-07-01,12.0,10.0,2.0,2.0,4.0,6.0,6.0,12.0,19.0,-7.0,-21.0,-0.5833333333333334,1.75,0.16666666666666666,0.3333333333333333,0.5,0.5,0.8333333333333334,-0.16666666666666666,0.0,0.0,0.0,1.0,0.0,1.0,4.0,1.0,0.0,2025-07,2025,7,1,0,1,2,6.0,-10.5,259.06,12.14,12.0,12.14,-1.5299999999999994,13.67,18.38,21.24,23.48,20.95,-4.709999999999999,-2.8599999999999994
2025-08-01,4.0,4.0,0.0,0.0,1.0,3.0,1.0,0.0,3.0,-3.0,-6.0,-0.75,0.5,0.0,0.25,0.75,0.25,1.0,-0.25,0.0,0.0,0.0,0.0,0.0,1.0,0.0,0.0,0.0,2025-08,2025,8,1,0,1,2,2.0,-3.0,255.71,11.48,11.52,11.48,-0.6600000000000001,12.14,13.67,18.38,23.13,20.37,-1.5299999999999994,-4.709999999999999
2025-09-01,12.0,7.0,5.0,3.0,4.0,5.0,7.0,10.0,27.0,-17.0,-31.0,-1.4166666666666667,1.4166666666666667,0.25,0.3333333333333333,0.4166666666666667,0.5833333333333334,0.5833333333333334,-0.08333333333333333,2.0,0.0,2.0,4.0,0.0,0.0,2.0,0.0,0.0,2025-09,2025,9,1,0,1,2,6.0,-15.5,258.02,9.42,8.83,9.42,-2.0600000000000005,11.48,12.14,13.67,22.41,21.46,-0.6600000000000001,-1.5299999999999994
2025-10-01,11.0,11.0,0.0,2.0,3.0,6.0,7.0,12.0,11.0,1.0,2.0,0.09090909090909091,1.1818181818181819,0.18181818181818182,0.2727272727272727,0.5454545454545454,0.6363636363636364,1.0,-0.09090909090909091,0.0,0.0,2.0,0.0,0.0,0.0,3.0,0.0,0.0,2025-10,2025,10,1,0,1,2,5.5,1.0,256.97,8.05,7.37,8.05,-1.3699999999999992,9.42,11.48,12.14,21.24,22.109,-2.0600000000000005,-0.6600000000000001
2025-11-01,9.0,9.0,0.0,0.0,3.0,6.0,5.0,0.0,15.0,-15.0,-30.0,-1.6666666666666667,1.1111111111111112,0.0,0.3333333333333333,0.6666666666666666,0.5555555555555556,1.0,-0.3333333333333333,0.0,0.0,0.0,1.0,0.0,0.0,1.0,0.0,0.0,2025-11,2025,11,1,0,1,2,4.5,-15.0,259.35,6.3,5.45,6.3,-1.7500000000000009,8.05,9.42,11.48,18.38,23.03,-1.3699999999999992,-2.0600000000000005
2025-12-01,3.0,1.0,2.0,0.0,1.0,2.0,1.0,0.0,4.0,-4.0,-4.0,-1.3333333333333333,1.0,0.0,0.3333333333333333,0.6666666666666666,0.3333333333333333,0.3333333333333333,-0.3333333333333333,0.0,1.0,0.0,1.0,0.0,0.0,0.0,0.0,0.0,2025-12,2025,12,1,0,1,2,1.5,-2.0,261.72,5.4,4.57,5.4,-0.8999999999999995,6.3,8.05,9.42,13.67,23.82,-1.7500000000000009,-1.3699999999999992
